{"cameraMode":{"drawMode":0,"name":"Shaded","section":"Shading Mode"},"sceneLighting":false,"audioPlay":false,"sceneViewState":{"showFog":true,"showMaterialUpdate":false,"showSkybox":true,"showFlares":true,"showImageEffects":true,"showParticleSystems":true},"in2DMode":false,"pivot":{"x":0.035590533167123798,"y":0.04435110092163086,"z":0.03621053695678711},"rotation":{"x":0.3328334391117096,"y":0.004239204805344343,"z":-0.0014963761204853654,"w":0.9429749250411987},"size":3.8217155933380129,"orthographic":false}